{
  "sample_task.json": 1755008826.6353314,
  "fsm_request_20250811_093716.json": 1755008826.6573524,
  "fsm_request_20250811_093854.json": 1755008826.66836,
  "fsm_request_20250811_094226.json": 1755008826.6793766,
  "fsm_request_20250811_094736.json": 1755008826.6903775,
  "fsm_request_20250811_095246.json": 1755008826.7023907,
  "fsm_request_20250811_095754.json": 1755008826.7134078,
  "fsm_request_20250811_100302.json": 1755008826.7244089,
  "fsm_request_20250811_100810.json": 1755008826.7364202,
  "fsm_request_20250811_100931.json": 1755008826.7474298,
  "fsm_request_20250811_101323.json": 1755008826.759441,
  "fsm_request_20250811_101438.json": 1755008826.7704515,
  "fsm_request_20250811_101832.json": 1755008826.7804687,
  "fsm_request_20250811_102339.json": 1755008826.792471,
  "fsm_request_20250811_102848.json": 1755008826.8044817,
  "fsm_request_20250811_102905.json": 1755008826.8155007,
  "msg_20250811_103101_Agent-1_to_Agent-5.json": 1755008826.827503,
  "msg_20250811_103101_Agent-2_to_Agent-5.json": 1755008826.840515,
  "msg_20250811_103101_Agent-3_to_Agent-5.json": 1755008826.8525276,
  "msg_20250811_103101_Agent-4_to_Agent-5.json": 1755008826.8635361,
  "fsm_request_20250811_103356.json": 1755008826.8755467,
  "fsm_request_20250811_103412.json": 1755008826.8875587,
  "fsm_request_20250811_103906.json": 1755008826.8975668,
  "fsm_request_20250811_103923.json": 1755008826.9105883,
  "fsm_request_20250811_104415.json": 1755008826.9225898,
  "fsm_request_20250811_104432.json": 1755008826.9325993,
  "fsm_request_20250811_104927.json": 1755008826.9456105,
  "fsm_request_20250811_104942.json": 1755008826.9576218,
  "fsm_request_20250811_110741.json": 1755008826.9696333,
  "fsm_request_20250811_150903.json": 1755008826.9806428,
  "fsm_request_20250811_151424.json": 1755008826.9916523,
  "msg_20250811_112830_Captain_to_Agent-5.json": 1755008827.0036635,
  "msg_20250811_113500_Captain_to_Agent-5.json": 1755008827.0146766,
  "fsm_request_20250811_151932.json": 1755008827.0266933,
  "msg_20250811_ContractUpdate_Agent-3_to_Agent-5.json": 1755008827.0497055,
  "fsm_request_20250811_152442.json": 1755008827.0627177,
  "fsm_request_20250811_152951.json": 1755008827.0747297,
  "fsm_request_20250811_153502.json": 1755008827.0857403,
  "fsm_request_20250811_154013.json": 1755008827.0967484,
  "fsm_request_20250811_154521.json": 1755008827.1077585,
  "fsm_request_20250811_155031.json": 1755008827.11977,
  "fsm_request_20250811_155540.json": 1755008827.1307883,
  "fsm_request_20250811_160047.json": 1755008827.1417985,
  "fsm_request_20250811_160556.json": 1755008827.1548014,
  "fsm_request_20250812_045036.json": 1755008827.1708171,
  "fsm_request_20250812_090226.json": 1755008827.1818283,
  "fsm_request_20250812_090739.json": 1755008827.1948383,
  "fsm_request_20250812_091018.json": 1755008827.2068486,
  "fsm_request_20250812_092746.json": 1755008867.0514636,
  "fsm_request_20250812_092902.json": 1755008942.9803917,
  "fsm_request_20250812_093305.json": 1755009186.1417937,
  "fsm_request_20250812_093409.json": 1755009250.1464283,
  "fsm_request_20250812_093825.json": 1755009505.4166226,
  "msg_20250812_094218_Agent-2_to_Agent-5.json": 1755009738.6849577,
  "fsm_update_20250812_094240.json": 1755009761.5885777,
  "fsm_request_20250812_094342.json": 1755009822.4344423,
  "msg_20250812_094701_Agent-2_to_Agent-5.json": 1755010066.6240046,
  "fsm_request_20250812_094856.json": 1755010137.750173,
  "fsm_request_20250812_095349.json": 1755010429.3725026,
  "fsm_request_20250812_095410.json": 1755010450.7355402,
  "fsm_request_20250812_101956.json": 1755011997.003075,
  "fsm_request_20250812_102508.json": 1755012309.3261132,
  "fsm_request_20250812_102924.json": 1755012565.0143023,
  "fsm_request_20250812_103031.json": 1755012632.885785,
  "fsm_request_20250812_103545.json": 1755012946.5932925,
  "fsm_request_20250812_103953.json": 1755013193.72651,
  "fsm_request_20250812_104101.json": 1755013261.2287948,
  "fsm_update_20250812_content_testing.json": 1755022660.4623256,
  "fsm_request_20250812_122409.json": 1755022660.7105505,
  "fsm_request_20250812_123419.json": 1755022660.854681,
  "fsm_update_20250812_content_validate_and_tests.json": 1755022660.9277568,
  "fsm_update_20250812_content_quickstart_and_guidance.json": 1755022660.976792,
  "fsm_update_20250812_basic-bot_cli_smoke.json": 1755022661.191988,
  "fsm_update_20250812_gpt-automation_retry_regression.json": 1755023216.8888543,
  "fsm_request_20250812_152319.json": 1755030199.830746,
  "fsm_request_20250812_152840.json": 1755030520.480538,
  "fsm_request_20250812_153401.json": 1755030842.2344422,
  "fsm_request_20250812_153934.json": 1755031175.521216,
  "fsm_request_20250812_154347.json": 1755031429.3701463,
  "fsm_request_20250812_154503.json": 1755031504.8289201,
  "fsm_request_20250812_155028.json": 1755031835.5794215,
  "fsm_request_20250812_155551.json": 1755032154.7986562,
  "fsm_request_20250812_160118.json": 1755032479.071701,
  "fsm_request_20250812_160645.json": 1755032808.2198303,
  "fsm_request_20250812_161246.json": 1755033395.662343,
  "fsm_request_20250812_164104.json": 1755034866.7806652,
  "fsm_request_20250812_170802.json": 1755036484.2442071,
  "fsm_request_20250812_171019.json": 1755036622.965552,
  "fsm_request_20250812_173629.json": 1755038191.3331263,
  "fsm_request_20250812_174658.json": 1755038819.7390418
}